"loci","Orthogroup","trait","Gene Name","org","Chromosome Name","bp","start","end","Gene Start (bp)","Gene End (bp)","Description","present","genecount","gFDR","pFDR","rank","rank_new"
"Osativa_v7.0_As_10_12738344","OG0004682","As","LOC_Os10g25060","Osativa_v7.0",10,12738344,12495344,12981344,12899339,12902125,"expressed protein",3,1,0,0.780435483870968,0.131738709677419,0.131738709677419
"Osativa_v7.0_As_11_27382369","OG0000009","As","LOC_Os11g45530","Osativa_v7.0",11,27382369,27139369,27625369,27563288,27567463,"transposon protein, putative, unclassified, expressed",3,1,0,0.780435483870968,0.131738709677419,0.131738709677419
"Osativa_v7.0_As_12_16282966","OG0007819","As","LOC_Os12g27994","Osativa_v7.0",12,16282966,16039966,16525966,16500199,16507888,"expressed protein",3,1,0,0.780435483870968,0.131738709677419,0.131738709677419
"Osativa_v7.0_As_12_19167726","OG0007256","As","LOC_Os12g31510","Osativa_v7.0",12,19167726,18924726,19410726,18954678,18955772,"expressed protein",3,1,0,0.780435483870968,0.131738709677419,0.131738709677419
"Osativa_v7.0_As_4_28465345","OG0001367","As","LOC_Os04g48050","Osativa_v7.0",4,28465345,28222345,28709896,28591949,28595747,"RING zinc finger protein, putative, expressed",3,1,0,0.780435483870968,0.131738709677419,0.131738709677419
"Osativa_v7.0_As_9_7481224","OG0002194","As","LOC_Os09g12750","Osativa_v7.0",9,7481224,7238224,7724224,7316075,7322324,"Myb-like DNA-binding domain containing protein, putative, expressed",3,1,0,0.780435483870968,0.131738709677419,0.131738709677419
"Osativa_v7.0_As_6_1209955","OG0002001","As","LOC_Os06g03540","Osativa_v7.0",6,1209955,966955,1452955,1364906,1369008,"oligopeptide transporter, putative, expressed",3,2,0.5,0.780435483870968,0.0658693548387097,0.118564838709677
"Osativa_v7.0_As_6_1209955","OG0002001","As","LOC_Os06g03560","Osativa_v7.0",6,1209955,966955,1452955,1371828,1375476,"oligopeptide transporter, putative, expressed",3,2,0.5,0.780435483870968,0.0658693548387097,0.118564838709677
"Osativa_v7.0_As_7_26816527","OG0007737","As","LOC_Os07g45360","Osativa_v7.0",7,26816527,26573527,27663738,27055343,27059643,"DEAD/DEAH box helicase domain containing protein, expressed",3,2,0.5,0.780435483870968,0.0658693548387097,0.118564838709677
"Osativa_v7.0_As_7_26816527","OG0010005","As","LOC_Os07g45350","Osativa_v7.0",7,26816527,26573527,27663738,27050719,27054788,"zinc finger, RING-type, putative, expressed",3,2,0.5,0.780435483870968,0.0658693548387097,0.118564838709677
"Osativa_v7.0_As_2_19709844","OG0001178","As","LOC_Os02g32970","Osativa_v7.0",2,19709844,19466844,19986968,19591268,19595530,"hydrolase, alpha/beta fold family protein, putative, expressed",3,3,0.666666666666667,0.780435483870968,0.0439129032258064,0.114173548387097
"Osativa_v7.0_As_2_19709844","OG0005545","As","LOC_Os02g32980","Osativa_v7.0",2,19709844,19466844,19986968,19597489,19598615,"Cupin domain containing protein, expressed",3,3,0.666666666666667,0.780435483870968,0.0439129032258064,0.114173548387097
"Osativa_v7.0_As_2_19709844","OG0006772","As","LOC_Os02g33540","Osativa_v7.0",2,19709844,19466844,19986968,19942510,19948370,"translational activator family protein, putative, expressed",3,3,0.666666666666667,0.780435483870968,0.0439129032258064,0.114173548387097
"Osativa_v7.0_As_2_24377660","OG0000629","As","LOC_Os02g40010","Osativa_v7.0",2,24377660,24134660,24620660,24223305,24228766,"phosphoribosyl transferase, putative, expressed",3,3,0.666666666666667,0.780435483870968,0.0439129032258064,0.114173548387097
"Osativa_v7.0_As_2_24377660","OG0000733","As","LOC_Os02g39920","Osativa_v7.0",2,24377660,24134660,24620660,24139753,24146705,"AT hook motif family protein, expressed",3,3,0.666666666666667,0.780435483870968,0.0439129032258064,0.114173548387097
"Osativa_v7.0_As_2_24377660","OG0000880","As","LOC_Os02g39960","Osativa_v7.0",2,24377660,24134660,24620660,24163553,24165653,"exostosin family protein, putative, expressed",3,3,0.666666666666667,0.780435483870968,0.0439129032258064,0.114173548387097
"Osativa_v7.0_As_3_463239","OG0000042","As","LOC_Os03g01320","Osativa_v7.0",3,463239,220239,706239,219977,221070,"LTPL116 - Protease inhibitor/seed storage/LTP family protein precursor, expressed",3,4,0.75,0.780435483870968,0.0329346774193548,0.111977903225806
"Osativa_v7.0_As_3_463239","OG0000308","As","LOC_Os03g02050","Osativa_v7.0",3,463239,220239,706239,651993,652803,"LTPL151 - Protease inhibitor/seed storage/LTP family protein precursor, expressed",3,4,0.75,0.780435483870968,0.0329346774193548,0.111977903225806
"Osativa_v7.0_As_3_463239","OG0002453","As","LOC_Os03g01990","Osativa_v7.0",3,463239,220239,706239,621022,624074,"lysM domain containing protein, putative, expressed",3,4,0.75,0.780435483870968,0.0329346774193548,0.111977903225806
"Osativa_v7.0_As_3_463239","OG0007925","As","LOC_Os03g02150","Osativa_v7.0",3,463239,220239,706239,698193,708688,"adapitin protein, putative, expressed",3,4,0.75,0.780435483870968,0.0329346774193548,0.111977903225806
"Osativa_v7.0_As_5_7467745","OG0000058","As","LOC_Os05g12680","Osativa_v7.0",5,7467745,7224745,7710745,7279332,7284670,"retrotransposon protein, putative, unclassified, expressed",3,5,0.8,0.780435483870968,0.0263477419354839,0.110660516129032
"Osativa_v7.0_As_5_7467745","OG0000415","As","LOC_Os05g13580","Osativa_v7.0",5,7467745,7224745,7710745,7533633,7534664,"OsCML18 - Calmodulin-related calcium sensor protein, expressed",3,5,0.8,0.780435483870968,0.0263477419354839,0.110660516129032
"Osativa_v7.0_As_5_7467745","OG0000506","As","LOC_Os05g13320","Osativa_v7.0",5,7467745,7224745,7710745,7378648,7381005,"C4-dicarboxylate transporter/malic acid transport protein, expressed",3,5,0.8,0.780435483870968,0.0263477419354839,0.110660516129032
"Osativa_v7.0_As_5_7467745","OG0000657","As","LOC_Os05g13780","Osativa_v7.0",5,7467745,7224745,7710745,7634691,7648371,"C-5 cytosine-specific DNA methylase, putative, expressed",3,5,0.8,0.780435483870968,0.0263477419354839,0.110660516129032
"Osativa_v7.0_As_5_7467745","OG0000657","As","LOC_Os05g13790","Osativa_v7.0",5,7467745,7224745,7710745,7645980,7648191,"expressed protein",3,5,0.8,0.780435483870968,0.0263477419354839,0.110660516129032
"Osativa_v7.0_As_7_8103668","OG0000323","As","LOC_Os07g14080","Osativa_v7.0",7,8103668,7860668,8346668,8032737,8034573,"transferase family protein, putative, expressed",3,5,0.8,0.780435483870968,0.0263477419354839,0.110660516129032
"Osativa_v7.0_As_7_8103668","OG0000365","As","LOC_Os07g14540","Osativa_v7.0",7,8103668,7860668,8346668,8287836,8291216,"vesicle-associated membrane protein, putative, expressed",3,5,0.8,0.780435483870968,0.0263477419354839,0.110660516129032
"Osativa_v7.0_As_7_8103668","OG0000813","As","LOC_Os07g13980","Osativa_v7.0",7,8103668,7860668,8346668,7982501,7989283,"glucose-1-phosphate adenylyltransferase large subunit, putative, expressed",3,5,0.8,0.780435483870968,0.0263477419354839,0.110660516129032
"Osativa_v7.0_As_7_8103668","OG0003721","As","LOC_Os07g14270","Osativa_v7.0",7,8103668,7860668,8346668,8136965,8141314,"calreticulin precursor protein, putative, expressed",3,5,0.8,0.780435483870968,0.0263477419354839,0.110660516129032
"Osativa_v7.0_As_7_8103668","OG0005575","As","LOC_Os07g13969","Osativa_v7.0",7,8103668,7860668,8346668,7982501,7983595,"expressed protein",3,5,0.8,0.780435483870968,0.0263477419354839,0.110660516129032
"Gmax_Wm82.a2.v1_As_10_1336895","OG0005899","As","Glyma.10G014800","Gmax_Wm82.a2.v1",10,1336895,1136895,1919833,1318060,1325256,"",3,1,0,0.815779527559055,0.110532283464567,0.110532283464567
"Gmax_Wm82.a2.v1_As_10_2248117","OG0010005","As","Glyma.10G024100","Gmax_Wm82.a2.v1",10,2248117,2048117,2636158,2116876,2123081,"PTHR12183:SF18 - RING-TYPE UBIQUITIN E3 LIGASE (1 of 2)",3,1,0,0.815779527559055,0.110532283464567,0.110532283464567
"Gmax_Wm82.a2.v1_As_10_46461410","OG0000009","As","Glyma.10G238500","Gmax_Wm82.a2.v1",10,46461410,46261410,46871183,46696433,46700585,"PF03101//PF10551 - FAR1 DNA-binding domain (FAR1)  // MULE transposase domain (MULE)  (1 of 21)",3,1,0,0.815779527559055,0.110532283464567,0.110532283464567
"Gmax_Wm82.a2.v1_As_10_5366082","OG0008993","As","Glyma.10G056800","Gmax_Wm82.a2.v1",10,5366082,5166082,5566082,5180647,5183074,"",3,1,0,0.815779527559055,0.110532283464567,0.110532283464567
"Gmax_Wm82.a2.v1_As_11_1530847","OG0002810","As","Glyma.11G022800","Gmax_Wm82.a2.v1",11,1530847,1330847,1730847,1650658,1653168,"",3,1,0,0.815779527559055,0.110532283464567,0.110532283464567
"Gmax_Wm82.a2.v1_As_11_2054710","OG0000629","As","Glyma.11G031200","Gmax_Wm82.a2.v1",11,2054710,1854710,2419905,2262520,2267439,"",3,1,0,0.815779527559055,0.110532283464567,0.110532283464567
"Gmax_Wm82.a2.v1_As_11_33487148","OG0000628","As","Glyma.11G255000","Gmax_Wm82.a2.v1",11,33487148,33287148,34550149,34525509,34528331,"PF00076 - RNA recognition motif. (a.k.a. RRM, RBD, or RNP domain) (RRM_1)  (1 of 477)",3,1,0,0.815779527559055,0.110532283464567,0.110532283464567
"Gmax_Wm82.a2.v1_As_11_6565408","OG0000009","As","Glyma.11G088700","Gmax_Wm82.a2.v1",11,6565408,6365408,6765408,6701628,6706325,"PTHR31669:SF54 - PROTEIN FAR1-RELATED SEQUENCE 5 (1 of 3)",3,1,0,0.815779527559055,0.110532283464567,0.110532283464567
"Gmax_Wm82.a2.v1_As_12_1676080","OG0000415","As","Glyma.12G025200","Gmax_Wm82.a2.v1",12,1676080,1476080,1892690,1828088,1828546,"PTHR10891//PTHR10891:SF608 - EF-HAND CALCIUM-BINDING DOMAIN CONTAINING PROTEIN // SUBFAMILY NOT NAMED (1 of 7)",3,1,0,0.815779527559055,0.110532283464567,0.110532283464567
"Gmax_Wm82.a2.v1_As_12_2875855","OG0000813","As","Glyma.12G042400","Gmax_Wm82.a2.v1",12,2875855,2675855,3488050,3059633,3065080,"",3,1,0,0.815779527559055,0.110532283464567,0.110532283464567
"Gmax_Wm82.a2.v1_As_12_34249636","OG0007925","As","Glyma.12G180600","Gmax_Wm82.a2.v1",12,34249636,34049636,34680040,34098277,34110951,"K11824 - AP-2 complex subunit alpha (AP2A)  (1 of 2)",3,1,0,0.815779527559055,0.110532283464567,0.110532283464567
"Gmax_Wm82.a2.v1_As_13_1973159","OG0007256","As","Glyma.13G006500","Gmax_Wm82.a2.v1",13,1973159,1773159,2391814,1886780,1888224,"PTHR35708:SF1 - GB (1 of 6)",3,1,0,0.815779527559055,0.110532283464567,0.110532283464567
"Gmax_Wm82.a2.v1_As_13_38501835","OG0003895","As","Glyma.13G284700","Gmax_Wm82.a2.v1",13,38501835,38301835,38701835,38586278,38588431,"",3,1,0,0.815779527559055,0.110532283464567,0.110532283464567
"Gmax_Wm82.a2.v1_As_13_43590044","OG0004835","As","Glyma.13G344500","Gmax_Wm82.a2.v1",13,43590044,43390044,44073457,43554239,43558544,"PTHR10584:SF168 - F14I3.3 PROTEIN-RELATED (1 of 4)",3,1,0,0.815779527559055,0.110532283464567,0.110532283464567
"Gmax_Wm82.a2.v1_As_14_2060972","OG0000457","As","Glyma.14G029200","Gmax_Wm82.a2.v1",14,2060972,1860972,2631131,2136060,2141071,"PTHR13301:SF40 - CELLULOSE SYNTHASE-LIKE PROTEIN D4 (1 of 2)",3,1,0,0.815779527559055,0.110532283464567,0.110532283464567
"Gmax_Wm82.a2.v1_As_14_47736746","OG0000415","As","Glyma.14G215800","Gmax_Wm82.a2.v1",14,47736746,47536746,48291406,48030837,48031262,"PTHR10891:SF573 - CALCIUM-BINDING PROTEIN CML24-RELATED (1 of 10)",3,1,0,0.815779527559055,0.110532283464567,0.110532283464567
"Gmax_Wm82.a2.v1_As_14_7587795","OG0000415","As","Glyma.14G085700","Gmax_Wm82.a2.v1",14,7587795,7387795,7789870,7596635,7597069,"PTHR10891//PTHR10891:SF608 - EF-HAND CALCIUM-BINDING DOMAIN CONTAINING PROTEIN // SUBFAMILY NOT NAMED (1 of 7)",3,1,0,0.815779527559055,0.110532283464567,0.110532283464567
"Gmax_Wm82.a2.v1_As_15_12329168","OG0000365","As","Glyma.15G147200","Gmax_Wm82.a2.v1",15,12329168,12129168,12529168,12142039,12144962,"PTHR21136:SF72 - VESICLE-ASSOCIATED MEMBRANE PROTEIN 724 (1 of 4)",3,1,0,0.815779527559055,0.110532283464567,0.110532283464567
"Gmax_Wm82.a2.v1_As_15_7979163","OG0000009","As","Glyma.15G101500","Gmax_Wm82.a2.v1",15,7979163,7779163,8187208,7907632,7911524,"",3,1,0,0.815779527559055,0.110532283464567,0.110532283464567
"Gmax_Wm82.a2.v1_As_16_1787864","OG0000379","As","Glyma.16G020200","Gmax_Wm82.a2.v1",16,1787864,1587864,1987864,1828561,1835982,"PTHR24343//PTHR24343:SF199 - SERINE/THREONINE KINASE // SUBFAMILY NOT NAMED (1 of 5)",3,1,0,0.815779527559055,0.110532283464567,0.110532283464567
"Gmax_Wm82.a2.v1_As_16_31420857","OG0000261","As","Glyma.16G154000","Gmax_Wm82.a2.v1",16,31420857,31220857,32182348,31450077,31455500,"PTHR11588//PTHR11588:SF137 - TUBULIN // SUBFAMILY NOT NAMED (1 of 3)",3,1,0,0.815779527559055,0.110532283464567,0.110532283464567
"Gmax_Wm82.a2.v1_As_16_7962736","OG0006261","As","Glyma.16G077300","Gmax_Wm82.a2.v1",16,7962736,7762736,8185838,7923562,7932176,"PTHR13872:SF1 - DOLICHYL-DIPHOSPHOOLIGOSACCHARIDE--PROTEIN GLYCOSYLTRANSFERASE SUBUNIT STT3B (1 of 2)",3,1,0,0.815779527559055,0.110532283464567,0.110532283464567
"Gmax_Wm82.a2.v1_As_17_39603760","OG0004682","As","Glyma.17G242100","Gmax_Wm82.a2.v1",17,39603760,39403760,39803760,39766882,39771678,"",3,1,0,0.815779527559055,0.110532283464567,0.110532283464567
"Gmax_Wm82.a2.v1_As_17_4162445","OG0000415","As","Glyma.17G058200","Gmax_Wm82.a2.v1",17,4162445,3962445,4610927,4418643,4419101,"PTHR10891//PTHR10891:SF608 - EF-HAND CALCIUM-BINDING DOMAIN CONTAINING PROTEIN // SUBFAMILY NOT NAMED (1 of 7)",3,1,0,0.815779527559055,0.110532283464567,0.110532283464567
"Gmax_Wm82.a2.v1_As_17_9075599","OG0009422","As","Glyma.17G120500","Gmax_Wm82.a2.v1",17,9075599,8875599,9658973,9587225,9604568,"K09533 - DnaJ homolog subfamily C member 13 (DNAJC13)  (1 of 2)",3,1,0,0.815779527559055,0.110532283464567,0.110532283464567
"Gmax_Wm82.a2.v1_As_18_20789892","OG0000058","As","Glyma.18G138700","Gmax_Wm82.a2.v1",18,20789892,20589892,21132389,20602067,20608132,"PTHR27001:SF36 - PROLINE-RICH RECEPTOR-LIKE PROTEIN KINASE PERK12-RELATED (1 of 4)",3,1,0,0.815779527559055,0.110532283464567,0.110532283464567
"Gmax_Wm82.a2.v1_As_18_47843402","OG0000035","As","Glyma.18G199200","Gmax_Wm82.a2.v1",18,47843402,47643402,48043402,47801168,47805243,"PF00069//PF00560//PF08263//PF13855 - Protein kinase domain (Pkinase)  // Leucine Rich Repeat (LRR_1)  // Leucine rich repeat N-terminal domain (LRRNT_2)  // Leucine rich repeat (LRR_8)  (1 of 88)",3,1,0,0.815779527559055,0.110532283464567,0.110532283464567
"Gmax_Wm82.a2.v1_As_18_57050734","OG0000308","As","Glyma.18G294200","Gmax_Wm82.a2.v1",18,57050734,56850734,57457626,57197200,57198197,"PF14368 - Probable lipid transfer (LTP_2)  (1 of 113)",3,1,0,0.815779527559055,0.110532283464567,0.110532283464567
"Gmax_Wm82.a2.v1_As_18_6008383","OG0005575","As","Glyma.18G065900","Gmax_Wm82.a2.v1",18,6008383,5808383,6208383,6028682,6029503,"PF11493 - Thylakoid soluble phosphoprotein TSP9 (TSP9)  (1 of 2)",3,1,0,0.815779527559055,0.110532283464567,0.110532283464567
"Gmax_Wm82.a2.v1_As_19_49280763","OG0006772","As","Glyma.19G249900","Gmax_Wm82.a2.v1",19,49280763,49080763,49582600,49563974,49593306,"PTHR23346:SF7 - TRANSLATIONAL ACTIVATOR GCN1 (1 of 2)",3,1,0,0.815779527559055,0.110532283464567,0.110532283464567
"Gmax_Wm82.a2.v1_As_20_1781331","OG0000365","As","Glyma.20G022200","Gmax_Wm82.a2.v1",20,1781331,1581331,2566403,2283748,2288776,"",3,1,0,0.815779527559055,0.110532283464567,0.110532283464567
"Gmax_Wm82.a2.v1_As_20_248491","OG0002453","As","Glyma.20G003100","Gmax_Wm82.a2.v1",20,248491,48491,448491,288005,292453,"",3,1,0,0.815779527559055,0.110532283464567,0.110532283464567
"Gmax_Wm82.a2.v1_As_20_29047376","OG0007346","As","Glyma.20G079400","Gmax_Wm82.a2.v1",20,29047376,28847376,29808925,29572770,29576530,"",3,1,0,0.815779527559055,0.110532283464567,0.110532283464567
"Gmax_Wm82.a2.v1_As_20_35397932","OG0005545","As","Glyma.20G110100","Gmax_Wm82.a2.v1",20,35397932,35197932,35795464,35232344,35233758,"PF07883 - Cupin domain (Cupin_2)  (1 of 61)",3,1,0,0.815779527559055,0.110532283464567,0.110532283464567
"Gmax_Wm82.a2.v1_As_2_1475801","OG0005899","As","Glyma.02G014100","Gmax_Wm82.a2.v1",2,1475801,1275801,1741019,1276321,1280181,"",3,1,0,0.815779527559055,0.110532283464567,0.110532283464567
"Gmax_Wm82.a2.v1_As_2_2676772","OG0000058","As","Glyma.02G035300","Gmax_Wm82.a2.v1",2,2676772,2476772,3613770,3271443,3277257,"PTHR27001:SF36 - PROLINE-RICH RECEPTOR-LIKE PROTEIN KINASE PERK12-RELATED (1 of 4)",3,1,0,0.815779527559055,0.110532283464567,0.110532283464567
"Gmax_Wm82.a2.v1_As_2_7842133","OG0000308","As","Glyma.02G088900","Gmax_Wm82.a2.v1",2,7842133,7642133,8422123,7825209,7827554,"PF14368 - Probable lipid transfer (LTP_2)  (1 of 113)",3,1,0,0.815779527559055,0.110532283464567,0.110532283464567
"Gmax_Wm82.a2.v1_As_4_47880378","OG0005897","As","Glyma.04G211800","Gmax_Wm82.a2.v1",4,47880378,47680378,48656714,48371249,48373171,"PTHR19241:SF230 - ABC TRANSPORTER G FAMILY MEMBER 5 (1 of 4)",3,1,0,0.815779527559055,0.110532283464567,0.110532283464567
"Gmax_Wm82.a2.v1_As_5_37596768","OG0005897","As","Glyma.05G192700","Gmax_Wm82.a2.v1",5,37596768,37396768,38238175,37794071,37796377,"PTHR19241:SF230 - ABC TRANSPORTER G FAMILY MEMBER 5 (1 of 4)",3,1,0,0.815779527559055,0.110532283464567,0.110532283464567
"Gmax_Wm82.a2.v1_As_5_41096032","OG0000415","As","Glyma.05G238400","Gmax_Wm82.a2.v1",5,41096032,40896032,41604483,41442332,41442898,"PTHR10891//PTHR10891:SF631 - EF-HAND CALCIUM-BINDING DOMAIN CONTAINING PROTEIN // SUBFAMILY NOT NAMED (1 of 4)",3,1,0,0.815779527559055,0.110532283464567,0.110532283464567
"Gmax_Wm82.a2.v1_As_5_4490574","OG0001367","As","Glyma.05G048800","Gmax_Wm82.a2.v1",5,4490574,4290574,4767128,4341400,4346196,"",3,1,0,0.815779527559055,0.110532283464567,0.110532283464567
"Gmax_Wm82.a2.v1_As_6_10893134","OG0002001","As","Glyma.06G131800","Gmax_Wm82.a2.v1",6,10893134,10693134,11327197,10861625,10866177,"PTHR22601:SF22 - OLIGOPEPTIDE TRANSPORTER 6-RELATED (1 of 2)",3,1,0,0.815779527559055,0.110532283464567,0.110532283464567
"Gmax_Wm82.a2.v1_As_6_11932555","OG0005897","As","Glyma.06G154500","Gmax_Wm82.a2.v1",6,11932555,11732555,12784572,12600307,12602169,"PTHR19241:SF230 - ABC TRANSPORTER G FAMILY MEMBER 5 (1 of 4)",3,1,0,0.815779527559055,0.110532283464567,0.110532283464567
"Gmax_Wm82.a2.v1_As_6_50196244","OG0000009","As","Glyma.06G314300","Gmax_Wm82.a2.v1",6,50196244,49996244,50396244,50320996,50327153,"PTHR31669:SF26 - PROTEIN FAR-RED ELONGATED HYPOCOTYL 3 (1 of 2)",3,1,0,0.815779527559055,0.110532283464567,0.110532283464567
"Gmax_Wm82.a2.v1_As_7_10927999","OG0000720","As","Glyma.07G108900","Gmax_Wm82.a2.v1",7,10927999,10727999,11508896,10727505,10729948,"PTHR10071:SF172 - GATA TRANSCRIPTION FACTOR 2 (1 of 2)",3,1,0,0.815779527559055,0.110532283464567,0.110532283464567
"Gmax_Wm82.a2.v1_As_7_17239030","OG0000035","As","Glyma.07G147800","Gmax_Wm82.a2.v1",7,17239030,17039030,17956267,17783634,17787402,"",3,1,0,0.815779527559055,0.110532283464567,0.110532283464567
"Gmax_Wm82.a2.v1_As_7_27011688","OG0000415","As","Glyma.07G169100","Gmax_Wm82.a2.v1",7,27011688,26811688,29135619,28509830,28511830,"PTHR10891//PTHR10891:SF631 - EF-HAND CALCIUM-BINDING DOMAIN CONTAINING PROTEIN // SUBFAMILY NOT NAMED (1 of 4)",3,1,0,0.815779527559055,0.110532283464567,0.110532283464567
"Gmax_Wm82.a2.v1_As_8_1118989","OG0002810","As","Glyma.08G015800","Gmax_Wm82.a2.v1",8,1118989,918989,1752727,1243723,1246494,"",3,1,0,0.815779527559055,0.110532283464567,0.110532283464567
"Gmax_Wm82.a2.v1_As_8_12577706","OG0000009","As","Glyma.08G172600","Gmax_Wm82.a2.v1",8,12577706,12377706,13777555,13730192,13734669,"",3,1,0,0.815779527559055,0.110532283464567,0.110532283464567
"Gmax_Wm82.a2.v1_As_8_17514307","OG0000733","As","Glyma.08G217800","Gmax_Wm82.a2.v1",8,17514307,17314307,18327627,17676081,17681757,"PTHR12663//PTHR12663:SF5 - ANDROGEN INDUCED INHIBITOR OF PROLIFERATION  AS3  / PDS5-RELATED // SUBFAMILY NOT NAMED (1 of 3)",3,1,0,0.815779527559055,0.110532283464567,0.110532283464567
"Gmax_Wm82.a2.v1_As_8_4806741","OG0001187","As","Glyma.08G063700","Gmax_Wm82.a2.v1",8,4806741,4606741,5033880,4888519,4892619,"1.14.13.132//1.14.99.7 - Squalene monooxygenase / Squalene epoxidase // Transferred entry: 1.14.13.132 (1 of 8)",3,1,0,0.815779527559055,0.110532283464567,0.110532283464567
"Gmax_Wm82.a2.v1_As_9_28590229","OG0000457","As","Glyma.09G119000","Gmax_Wm82.a2.v1",9,28590229,28390229,28939753,28442074,28449757,"PTHR13301:SF35 - CELLULOSE SYNTHASE-LIKE PROTEIN D1-RELATED (1 of 1)",3,1,0,0.815779527559055,0.110532283464567,0.110532283464567
"Gmax_Wm82.a2.v1_As_9_48045399","OG0001367","As","Glyma.09G265600","Gmax_Wm82.a2.v1",9,48045399,47845399,48362901,48319086,48324280,"PTHR14155//PTHR14155:SF140 - RING FINGER DOMAIN-CONTAINING // SUBFAMILY NOT NAMED (1 of 2)",3,1,0,0.815779527559055,0.110532283464567,0.110532283464567
"Gmax_Wm82.a2.v1_As_9_6020977","OG0000415","As","Glyma.09G067600","Gmax_Wm82.a2.v1",9,6020977,5820977,7128198,6804057,6804365,"PTHR10891//PTHR10891:SF631 - EF-HAND CALCIUM-BINDING DOMAIN CONTAINING PROTEIN // SUBFAMILY NOT NAMED (1 of 4)",3,1,0,0.815779527559055,0.110532283464567,0.110532283464567
"Gmax_Wm82.a2.v1_As_9_952729","OG0000042","As","Glyma.09G014400","Gmax_Wm82.a2.v1",9,952729,752729,1152729,1078917,1079670,"PTHR31731:SF7 - BIFUNCTIONAL INHIBITOR/LIPID-TRANSFER PROTEIN/SEED STORAGE 2S ALBUMIN SUPERFAMILY PROTEIN (1 of 8)",3,1,0,0.815779527559055,0.110532283464567,0.110532283464567
"Osativa_v7.0_As_8_5711453","OG0000101","As","LOC_Os08g09800","Osativa_v7.0",8,5711453,5468453,5954453,5663578,5669406,"WRKY105, expressed",3,6,0.833333333333333,0.780435483870968,0.0219564516129032,0.109782258064516
"Osativa_v7.0_As_8_5711453","OG0000101","As","LOC_Os08g09810","Osativa_v7.0",8,5711453,5468453,5954453,5672471,5676449,"WRKY106, expressed",3,6,0.833333333333333,0.780435483870968,0.0219564516129032,0.109782258064516
"Osativa_v7.0_As_8_5711453","OG0000101","As","LOC_Os08g09840","Osativa_v7.0",8,5711453,5468453,5954453,5683939,5686805,"WRKY117, expressed",3,6,0.833333333333333,0.780435483870968,0.0219564516129032,0.109782258064516
"Osativa_v7.0_As_8_5711453","OG0000101","As","LOC_Os08g09880","Osativa_v7.0",8,5711453,5468453,5954453,5700259,5702781,"transposon protein, putative, unclassified, expressed",3,6,0.833333333333333,0.780435483870968,0.0219564516129032,0.109782258064516
"Osativa_v7.0_As_8_5711453","OG0000101","As","LOC_Os08g09900","Osativa_v7.0",8,5711453,5468453,5954453,5713945,5719160,"WRKY118, expressed",3,6,0.833333333333333,0.780435483870968,0.0219564516129032,0.109782258064516
"Osativa_v7.0_As_8_5711453","OG0000993","As","LOC_Os08g09770","Osativa_v7.0",8,5711453,5468453,5954453,5645677,5647793,"DnaK family protein, putative, expressed",3,6,0.833333333333333,0.780435483870968,0.0219564516129032,0.109782258064516
"Osativa_v7.0_As_3_6815133","OG0000657","As","LOC_Os03g12570","Osativa_v7.0",3,6815133,6572133,7058133,6657604,6668721,"expressed protein",3,7,0.857142857142857,0.780435483870968,0.0188198156682028,0.109154930875576
"Osativa_v7.0_As_3_6815133","OG0000722","As","LOC_Os03g12990","Osativa_v7.0",3,6815133,6572133,7058133,7018343,7019303,"phytosulfokines precursor, putative, expressed",3,7,0.857142857142857,0.780435483870968,0.0188198156682028,0.109154930875576
"Osativa_v7.0_As_3_6815133","OG0001116","As","LOC_Os03g12950","Osativa_v7.0",3,6815133,6572133,7058133,6992878,6997183,"AP2-like ethylene-responsive transcription factor AINTEGUMENTA, putative, expressed",3,7,0.857142857142857,0.780435483870968,0.0188198156682028,0.109154930875576
"Osativa_v7.0_As_3_6815133","OG0001187","As","LOC_Os03g12900","Osativa_v7.0",3,6815133,6572133,7058133,6950465,6957390,"squalene monooxygenase, putative, expressed",3,7,0.857142857142857,0.780435483870968,0.0188198156682028,0.109154930875576
"Osativa_v7.0_As_3_6815133","OG0001187","As","LOC_Os03g12910","Osativa_v7.0",3,6815133,6572133,7058133,6957632,6962594,"squalene monooxygenase, putative, expressed",3,7,0.857142857142857,0.780435483870968,0.0188198156682028,0.109154930875576
"Osativa_v7.0_As_3_6815133","OG0002327","As","LOC_Os03g12860","Osativa_v7.0",3,6815133,6572133,7058133,6931709,6933328,"homeobox associated leucine zipper, putative, expressed",3,7,0.857142857142857,0.780435483870968,0.0188198156682028,0.109154930875576
"Osativa_v7.0_As_3_6815133","OG0006598","As","LOC_Os03g13040","Osativa_v7.0",3,6815133,6572133,7058133,7046802,7051333,"haemolysin-III, putative, expressed",3,7,0.857142857142857,0.780435483870968,0.0188198156682028,0.109154930875576
"Osativa_v7.0_As_10_22849600","OG0000457","As","LOC_Os10g42750","Osativa_v7.0",10,22849600,22606600,23092600,23062454,23066292,"CSLD1 - cellulose synthase-like family D, expressed",3,9,0.888888888888889,0.780435483870968,0.0146376344086022,0.108318494623656
"Osativa_v7.0_As_10_22849600","OG0000566","As","LOC_Os10g42230","Osativa_v7.0",10,22849600,22606600,23092600,22741627,22745859,"AT hook motif domain containing protein, expressed",3,9,0.888888888888889,0.780435483870968,0.0146376344086022,0.108318494623656
"Osativa_v7.0_As_10_22849600","OG0000925","As","LOC_Os10g42410","Osativa_v7.0",10,22849600,22606600,23092600,22829131,22831617,"zinc-binding protein, putative, expressed",3,9,0.888888888888889,0.780435483870968,0.0146376344086022,0.108318494623656
"Osativa_v7.0_As_10_22849600","OG0004875","As","LOC_Os10g42180","Osativa_v7.0",10,22849600,22606600,23092600,22682272,22685028,"aluminum-activated malate transporter, putative, expressed",3,9,0.888888888888889,0.780435483870968,0.0146376344086022,0.108318494623656
"Osativa_v7.0_As_10_22849600","OG0005319","As","LOC_Os10g42130","Osativa_v7.0",10,22849600,22606600,23092600,22669292,22671877,"no apical meristem protein, putative, expressed",3,9,0.888888888888889,0.780435483870968,0.0146376344086022,0.108318494623656
"Osativa_v7.0_As_10_22849600","OG0006622","As","LOC_Os10g42800","Osativa_v7.0",10,22849600,22606600,23092600,23083220,23086585,"AMP-binding enzyme, putative, expressed",3,9,0.888888888888889,0.780435483870968,0.0146376344086022,0.108318494623656
"Osativa_v7.0_As_10_22849600","OG0007625","As","LOC_Os10g42630","Osativa_v7.0",10,22849600,22606600,23092600,22986842,22989900,"expressed protein",3,9,0.888888888888889,0.780435483870968,0.0146376344086022,0.108318494623656
"Osativa_v7.0_As_10_22849600","OG0009080","As","LOC_Os10g42110","Osativa_v7.0",10,22849600,22606600,23092600,22650009,22654267,"protein kinase family protein, putative, expressed",3,9,0.888888888888889,0.780435483870968,0.0146376344086022,0.108318494623656
"Osativa_v7.0_As_10_22849600","OG0009422","As","LOC_Os10g42439","Osativa_v7.0",10,22849600,22606600,23092600,22861341,22875955,"heat shock protein DnaJ, putative, expressed",3,9,0.888888888888889,0.780435483870968,0.0146376344086022,0.108318494623656
"Osativa_v7.0_As_1_2706984","OG0000035","As","LOC_Os01g05640","Osativa_v7.0",1,2706984,2463984,3029129,2688623,2692186,"receptor-like protein kinase 5 precursor, putative, expressed",3,10,0.9,0.780435483870968,0.0131738709677419,0.108025741935484
"Osativa_v7.0_As_1_2706984","OG0000035","As","LOC_Os01g05870","Osativa_v7.0",1,2706984,2463984,3029129,2810313,2815017,"receptor kinase, putative, expressed",3,10,0.9,0.780435483870968,0.0131738709677419,0.108025741935484
"Osativa_v7.0_As_1_2706984","OG0000035","As","LOC_Os01g05940","Osativa_v7.0",1,2706984,2463984,3029129,2830325,2836425,"receptor kinase, putative, expressed",3,10,0.9,0.780435483870968,0.0131738709677419,0.108025741935484
"Osativa_v7.0_As_1_2706984","OG0000035","As","LOC_Os01g05960","Osativa_v7.0",1,2706984,2463984,3029129,2839934,2843514,"receptor kinase, putative, expressed",3,10,0.9,0.780435483870968,0.0131738709677419,0.108025741935484
"Osativa_v7.0_As_1_2706984","OG0000035","As","LOC_Os01g05980","Osativa_v7.0",1,2706984,2463984,3029129,2851954,2855225,"receptor kinase, putative, expressed",3,10,0.9,0.780435483870968,0.0131738709677419,0.108025741935484
"Osativa_v7.0_As_1_2706984","OG0000061","As","LOC_Os01g05610","Osativa_v7.0",1,2706984,2463984,3029129,2674400,2675373,"Core histone H2A/H2B/H3/H4 domain containing protein, putative, expressed",3,10,0.9,0.780435483870968,0.0131738709677419,0.108025741935484
"Osativa_v7.0_As_1_2706984","OG0000061","As","LOC_Os01g05630","Osativa_v7.0",1,2706984,2463984,3029129,2686729,2687700,"Core histone H2A/H2B/H3/H4 domain containing protein, putative, expressed",3,10,0.9,0.780435483870968,0.0131738709677419,0.108025741935484
"Osativa_v7.0_As_1_2706984","OG0000061","As","LOC_Os01g05900","Osativa_v7.0",1,2706984,2463984,3029129,2820036,2838580,"Core histone H2A/H2B/H3/H4 domain containing protein, putative, expressed",3,10,0.9,0.780435483870968,0.0131738709677419,0.108025741935484
"Osativa_v7.0_As_1_2706984","OG0000061","As","LOC_Os01g05970","Osativa_v7.0",1,2706984,2463984,3029129,2844429,2858134,"OsFBO1 - F-box and other domain containing protein, expressed",3,10,0.9,0.780435483870968,0.0131738709677419,0.108025741935484
"Osativa_v7.0_As_1_2706984","OG0000061","As","LOC_Os01g06010","Osativa_v7.0",1,2706984,2463984,3029129,2872110,2872988,"Core histone H2A/H2B/H3/H4 domain containing protein, putative, expressed",3,10,0.9,0.780435483870968,0.0131738709677419,0.108025741935484
"Athaliana_TAIR10_As_1_23113904","OG0000042","As","AT1G62510","Athaliana_TAIR10",1,23113904,23038904,23231849,23136369,23137191,"Bifunctional inhibitor/lipid-transfer protein/seed storage 2S albumin superfamily protein",3,1,0,0.827689189189189,0.103386486486486,0.103386486486486
"Athaliana_TAIR10_As_1_26146760","OG0000657","As","AT1G69770","Athaliana_TAIR10",1,26146760,26071760,26306059,26248318,26253585,"chromomethylase 3",3,1,0,0.827689189189189,0.103386486486486,0.103386486486486
"Athaliana_TAIR10_As_1_3022570","OG0003721","As","AT1G09210","Athaliana_TAIR10",1,3022570,2947570,3097570,2972842,2976750,"calreticulin 1b",3,1,0,0.827689189189189,0.103386486486486,0.103386486486486
"Athaliana_TAIR10_As_1_30426749","OG0000733","As","AT1G80810","Athaliana_TAIR10",1,30426749,30351749,30502068,30365287,30368898,"Tudor/PWWP/MBT superfamily protein",3,1,0,0.827689189189189,0.103386486486486,0.103386486486486
"Athaliana_TAIR10_As_2_5681805","OG0005897","As","AT2G13610","Athaliana_TAIR10",2,5681805,5606805,5756805,5673688,5675831,"ABC-2 type transporter family protein",3,1,0,0.827689189189189,0.103386486486486,0.103386486486486
"Athaliana_TAIR10_As_3_22415355","OG0000720","As","AT3G60530","Athaliana_TAIR10",3,22415355,22340355,22493974,22373215,22374387,"GATA transcription factor 4",3,1,0,0.827689189189189,0.103386486486486,0.103386486486486
"Athaliana_TAIR10_As_4_13952992","OG0000506","As","AT4G27970","Athaliana_TAIR10",4,13952992,13877992,14039833,13918290,13920132,"SLAC1 homologue 2",3,1,0,0.827689189189189,0.103386486486486,0.103386486486486
"Athaliana_TAIR10_As_4_6655675","OG0002001","As","AT4G10770","Athaliana_TAIR10",4,6655675,6580675,6730675,6628404,6632599,"oligopeptide transporter 7",3,1,0,0.827689189189189,0.103386486486486,0.103386486486486
"Athaliana_TAIR10_As_4_7088547","OG0001367","As","AT4G11680","Athaliana_TAIR10",4,7088547,7013547,7163547,7053443,7055622,"Zinc finger, C3HC4 type (RING finger) family protein",3,1,0,0.827689189189189,0.103386486486486,0.103386486486486
"Athaliana_TAIR10_As_4_7880079","OG0002194","As","AT4G13640","Athaliana_TAIR10",4,7880079,7805079,7955079,7936592,7938645,"Homeodomain-like superfamily protein",3,1,0,0.827689189189189,0.103386486486486,0.103386486486486
"Athaliana_TAIR10_As_4_8050315","OG0000628","As","AT4G13850","Athaliana_TAIR10",4,8050315,7975315,8125315,8020951,8022260,"glycine-rich RNA-binding protein 2",3,1,0,0.827689189189189,0.103386486486486,0.103386486486486
"Athaliana_TAIR10_As_5_10517736","OG0000993","As","AT5G28540","Athaliana_TAIR10",5,10517736,10442736,10720994,10540460,10543375,"heat shock protein 70 (Hsp 70) family protein",3,1,0,0.827689189189189,0.103386486486486,0.103386486486486
"Athaliana_TAIR10_As_5_14033168","OG0007256","As","AT5G35870","Athaliana_TAIR10",5,14033168,13958168,14108168,14021022,14021612,"PTHR35708:SF1 - GB (1 of 2)",3,1,0,0.827689189189189,0.103386486486486,0.103386486486486
"Athaliana_TAIR10_As_5_14931714","OG0000415","As","AT5G37770","Athaliana_TAIR10",5,14931714,14856714,15006789,14998854,14999619,"EF hand calcium-binding protein family",3,1,0,0.827689189189189,0.103386486486486,0.103386486486486
"Athaliana_TAIR10_As_5_15182814","OG0000308","As","AT5G38170","Athaliana_TAIR10",5,15182814,15107814,15258104,15227638,15228081,"Bifunctional inhibitor/lipid-transfer protein/seed storage 2S albumin superfamily protein",3,1,0,0.827689189189189,0.103386486486486,0.103386486486486
"Athaliana_TAIR10_As_5_15477342","OG0000058","As","AT5G38560","Athaliana_TAIR10",5,15477342,15402342,15559308,15439249,15443164,"Protein kinase superfamily protein",3,1,0,0.827689189189189,0.103386486486486,0.103386486486486
"Athaliana_TAIR10_As_5_17241084","OG0004682","As","AT5G42900","Athaliana_TAIR10",5,17241084,17166084,17316084,17197641,17199793,"cold regulated gene 27",3,1,0,0.827689189189189,0.103386486486486,0.103386486486486
"Athaliana_TAIR10_As_5_22193625","OG0003895","As","AT5G54540","Athaliana_TAIR10",5,22193625,22118625,22268625,22156498,22158054,"Uncharacterised conserved protein (UCP012943)",3,1,0,0.827689189189189,0.103386486486486,0.103386486486486
"Gmax_Wm82.a2.v1_As_11_30034764","OG0001178","As","Glyma.11G209300","Gmax_Wm82.a2.v1",11,30034764,29834764,30234764,30097729,30105137,"3.7.1.17 - 4,5-9,10-diseco-3-hydroxy-5,9,17-trioxoandrosta-1(10),2-diene-4-oate hydrolase (1 of 3)",3,2,0.5,0.815779527559055,0.0552661417322835,0.0994790551181102
"Gmax_Wm82.a2.v1_As_11_30034764","OG0005545","As","Glyma.11G209400","Gmax_Wm82.a2.v1",11,30034764,29834764,30234764,30105649,30106749,"PTHR31238:SF48 - GERMIN-LIKE PROTEIN SUBFAMILY 3 MEMBER 2 (1 of 2)",3,2,0.5,0.815779527559055,0.0552661417322835,0.0994790551181102
"Gmax_Wm82.a2.v1_As_11_847393","OG0000457","As","Glyma.11G010400","Gmax_Wm82.a2.v1",11,847393,647393,1125282,725625,730994,"PTHR13301:SF72 - CELLULOSE SYNTHASE-LIKE PROTEIN D3 (1 of 3)",3,2,0.5,0.815779527559055,0.0552661417322835,0.0994790551181102
"Gmax_Wm82.a2.v1_As_11_847393","OG0007625","As","Glyma.11G009300","Gmax_Wm82.a2.v1",11,847393,647393,1125282,646479,650889,"PF08378 - Nuclease-related domain (NERD)  (1 of 2)",3,2,0.5,0.815779527559055,0.0552661417322835,0.0994790551181102
"Gmax_Wm82.a2.v1_As_15_1463063","OG0000009","As","Glyma.15G032800","Gmax_Wm82.a2.v1",15,1463063,1263063,3544528,2628375,2632765,"PTHR31669:SF42 - PROTEIN FAR1-RELATED SEQUENCE 4 (1 of 2)",3,2,0.5,0.815779527559055,0.0552661417322835,0.0994790551181102
"Gmax_Wm82.a2.v1_As_15_1463063","OG0004835","As","Glyma.15G029800","Gmax_Wm82.a2.v1",15,1463063,1263063,3544528,2387957,2391720,"PTHR10584:SF168 - F14I3.3 PROTEIN-RELATED (1 of 4)",3,2,0.5,0.815779527559055,0.0552661417322835,0.0994790551181102
"Gmax_Wm82.a2.v1_As_16_33362755","OG0000506","As","Glyma.16G173500","Gmax_Wm82.a2.v1",16,33362755,33162755,33562755,33400547,33404993,"PTHR31269:SF2 - S-TYPE ANION CHANNEL SLAH2-RELATED (1 of 5)",3,2,0.5,0.815779527559055,0.0552661417322835,0.0994790551181102
"Gmax_Wm82.a2.v1_As_16_33362755","OG0000506","As","Glyma.16G173600","Gmax_Wm82.a2.v1",16,33362755,33162755,33562755,33407719,33412908,"",3,2,0.5,0.815779527559055,0.0552661417322835,0.0994790551181102
"Gmax_Wm82.a2.v1_As_17_38069333","OG0000722","As","Glyma.17G233400","Gmax_Wm82.a2.v1",17,38069333,37869333,39007749,38889673,38890386,"PTHR33285:SF1 - GROWTH FACTOR PROTEIN-RELATED (1 of 7)",3,2,0.5,0.815779527559055,0.0552661417322835,0.0994790551181102
"Gmax_Wm82.a2.v1_As_17_38069333","OG0000722","As","Glyma.17G233500","Gmax_Wm82.a2.v1",17,38069333,37869333,39007749,38893930,38894930,"PF06404 - Phytosulfokine precursor protein (PSK) (PSK)  (1 of 16)",3,2,0.5,0.815779527559055,0.0552661417322835,0.0994790551181102
"Gmax_Wm82.a2.v1_As_18_55118428","OG0000058","As","Glyma.18G280200","Gmax_Wm82.a2.v1",18,55118428,54918428,56265506,56100685,56107771,"PTHR27001:SF132 - PROLINE-RICH RECEPTOR-LIKE PROTEIN KINASE PERK8 (1 of 4)",3,2,0.5,0.815779527559055,0.0552661417322835,0.0994790551181102
"Gmax_Wm82.a2.v1_As_18_55118428","OG0000628","As","Glyma.18G266500","Gmax_Wm82.a2.v1",18,55118428,54918428,56265506,55088284,55091427,"K12741 - heterogeneous nuclear ribonucleoprotein A1/A3 (HNRNPA1_3)  (1 of 20)",3,2,0.5,0.815779527559055,0.0552661417322835,0.0994790551181102
"Gmax_Wm82.a2.v1_As_1_37018","OG0000009","As","Glyma.01G000400","Gmax_Wm82.a2.v1",1,37018,1,665259,90152,95947,"PTHR31669:SF14 - PROTEIN FAR1-RELATED SEQUENCE 9 (1 of 2)",3,2,0.5,0.815779527559055,0.0552661417322835,0.0994790551181102
"Gmax_Wm82.a2.v1_As_1_37018","OG0000009","As","Glyma.01G000600","Gmax_Wm82.a2.v1",1,37018,1,665259,116094,127845,"",3,2,0.5,0.815779527559055,0.0552661417322835,0.0994790551181102
"Gmax_Wm82.a2.v1_As_20_34001651","OG0000248","As","Glyma.20G103900","Gmax_Wm82.a2.v1",20,34001651,33801651,35110001,34648825,34651171,"PTHR23500:SF47 - SUGAR TRANSPORT PROTEIN 10-RELATED (1 of 4)",3,2,0.5,0.815779527559055,0.0552661417322835,0.0994790551181102
"Gmax_Wm82.a2.v1_As_20_34001651","OG0003721","As","Glyma.20G098400","Gmax_Wm82.a2.v1",20,34001651,33801651,35110001,34151918,34155417,"PTHR11073//PTHR11073:SF17 - CALRETICULIN AND CALNEXIN // SUBFAMILY NOT NAMED (1 of 2)",3,2,0.5,0.815779527559055,0.0552661417322835,0.0994790551181102
"Gmax_Wm82.a2.v1_As_20_42780888","OG0000061","As","Glyma.20G191600","Gmax_Wm82.a2.v1",20,42780888,42580888,43493034,43038390,43039478,"K11252 - histone H2B (H2B)  (1 of 16)",3,2,0.5,0.815779527559055,0.0552661417322835,0.0994790551181102
"Gmax_Wm82.a2.v1_As_20_42780888","OG0002194","As","Glyma.20G193600","Gmax_Wm82.a2.v1",20,42780888,42580888,43493034,43237781,43241812,"PTHR31499:SF9 - MYB FAMILY TRANSCRIPTION FACTOR (1 of 4)",3,2,0.5,0.815779527559055,0.0552661417322835,0.0994790551181102
"Gmax_Wm82.a2.v1_As_3_37832346","OG0000061","As","Glyma.03G172500","Gmax_Wm82.a2.v1",3,37832346,37632346,39639888,38669088,38670981,"K11252 - histone H2B (H2B)  (1 of 16)",3,2,0.5,0.815779527559055,0.0552661417322835,0.0994790551181102
"Gmax_Wm82.a2.v1_As_3_37832346","OG0007737","As","Glyma.03G178500","Gmax_Wm82.a2.v1",3,37832346,37632346,39639888,39101408,39105134,"K14779 - ATP-dependent RNA helicase DDX52/ROK1 [EC:3.6.4.13] (DDX52, ROK1)  (1 of 2)",3,2,0.5,0.815779527559055,0.0552661417322835,0.0994790551181102
"Gmax_Wm82.a2.v1_As_3_43968958","OG0000323","As","Glyma.03G244300","Gmax_Wm82.a2.v1",3,43968958,43768958,44295910,44181395,44183909,"2.3.1.196 - Benzyl alcohol O-benzoyltransferase (1 of 10)",3,2,0.5,0.815779527559055,0.0552661417322835,0.0994790551181102
"Gmax_Wm82.a2.v1_As_3_43968958","OG0000323","As","Glyma.03G244400","Gmax_Wm82.a2.v1",3,43968958,43768958,44295910,44186065,44189160,"2.3.1.196 - Benzyl alcohol O-benzoyltransferase (1 of 10)",3,2,0.5,0.815779527559055,0.0552661417322835,0.0994790551181102
"Gmax_Wm82.a2.v1_As_4_7059397","OG0000720","As","Glyma.04G084900","Gmax_Wm82.a2.v1",4,7059397,6859397,7259397,7199722,7201249,"PTHR10071//PTHR10071:SF196 - TRANSCRIPTION FACTOR GATA  GATA BINDING FACTOR // SUBFAMILY NOT NAMED (1 of 4)",3,2,0.5,0.815779527559055,0.0552661417322835,0.0994790551181102
"Gmax_Wm82.a2.v1_As_4_7059397","OG0010939","As","Glyma.04G084200","Gmax_Wm82.a2.v1",4,7059397,6859397,7259397,7137351,7146570,"PTHR12532:SF0 - TRANSCRIPTIONAL REGULATORY PROTEIN HAH1-RELATED (1 of 2)",3,2,0.5,0.815779527559055,0.0552661417322835,0.0994790551181102
"Gmax_Wm82.a2.v1_As_5_39886822","OG0000993","As","Glyma.05G219400","Gmax_Wm82.a2.v1",5,39886822,39686822,40086822,39891624,39895750,"K09490 - heat shock 70kDa protein 5 (HSPA5, BIP)  (1 of 4)",3,2,0.5,0.815779527559055,0.0552661417322835,0.0994790551181102
"Gmax_Wm82.a2.v1_As_5_39886822","OG0000993","As","Glyma.05G219600","Gmax_Wm82.a2.v1",5,39886822,39686822,40086822,39907980,39911966,"K09490 - heat shock 70kDa protein 5 (HSPA5, BIP)  (1 of 4)",3,2,0.5,0.815779527559055,0.0552661417322835,0.0994790551181102
"Gmax_Wm82.a2.v1_As_6_3404287","OG0000629","As","Glyma.06G045500","Gmax_Wm82.a2.v1",6,3404287,3204287,3654131,3459130,3463911,"PTHR11776:SF8 - ADENINE PHOSPHORIBOSYLTRANSFERASE 1, CHLOROPLASTIC (1 of 3)",3,2,0.5,0.815779527559055,0.0552661417322835,0.0994790551181102
"Gmax_Wm82.a2.v1_As_6_3404287","OG0000722","As","Glyma.06G048200","Gmax_Wm82.a2.v1",6,3404287,3204287,3654131,3623954,3624721,"PTHR33285:SF1 - GROWTH FACTOR PROTEIN-RELATED (1 of 7)",3,2,0.5,0.815779527559055,0.0552661417322835,0.0994790551181102
"Gmax_Wm82.a2.v1_As_6_955419","OG0000566","As","Glyma.06G014600","Gmax_Wm82.a2.v1",6,955419,755419,1956279,1097786,1101942,"PTHR31500:SF0 - AT HOOK MOTIF DNA-BINDING FAMILY PROTEIN (1 of 2)",3,2,0.5,0.815779527559055,0.0552661417322835,0.0994790551181102
"Gmax_Wm82.a2.v1_As_6_955419","OG0000813","As","Glyma.06G011700","Gmax_Wm82.a2.v1",6,955419,755419,1956279,873613,878088,"PTHR22572:SF111 - GLUCOSE-1-PHOSPHATE ADENYLYLTRANSFERASE LARGE SUBUNIT 3, CHLOROPLASTIC-RELATED (1 of 4)",3,2,0.5,0.815779527559055,0.0552661417322835,0.0994790551181102
"Gmax_Wm82.a2.v1_As_9_37706393","OG0000101","As","Glyma.09G153400","Gmax_Wm82.a2.v1",9,37706393,37506393,40247896,37605869,37609004,"PTHR23272//PTHR23272:SF39 - BED FINGER-RELATED // SUBFAMILY NOT NAMED (1 of 5)",3,2,0.5,0.815779527559055,0.0552661417322835,0.0994790551181102
"Gmax_Wm82.a2.v1_As_9_37706393","OG0002453","As","Glyma.09G165100","Gmax_Wm82.a2.v1",9,37706393,37506393,40247896,38915737,38919214,"PTHR20932//PTHR20932:SF11 - LOC443603 PROTEIN-RELATED // SUBFAMILY NOT NAMED (1 of 2)",3,2,0.5,0.815779527559055,0.0552661417322835,0.0994790551181102
"Gmax_Wm82.a2.v1_As_12_693151","OG0000457","As","Glyma.12G017600","Gmax_Wm82.a2.v1",12,693151,493151,1269688,1232608,1237585,"",3,3,0.666666666666667,0.815779527559055,0.036844094488189,0.0957946456692913
"Gmax_Wm82.a2.v1_As_12_693151","OG0000925","As","Glyma.12G016300","Gmax_Wm82.a2.v1",12,693151,493151,1269688,1153697,1156286,"",3,3,0.666666666666667,0.815779527559055,0.036844094488189,0.0957946456692913
"Gmax_Wm82.a2.v1_As_12_693151","OG0007819","As","Glyma.12G014000","Gmax_Wm82.a2.v1",12,693151,493151,1269688,1010585,1015652,"PTHR15572 - GLIOMA TUMOR SUPPRESSOR CANDIDATE REGION GENE 1 (1 of 2)",3,3,0.666666666666667,0.815779527559055,0.036844094488189,0.0957946456692913
"Gmax_Wm82.a2.v1_As_13_27866368","OG0000880","As","Glyma.13G161100","Gmax_Wm82.a2.v1",13,27866368,27666368,28126371,27675361,27679170,"K18789 - xylogalacturonan beta-1,3-xylosyltransferase (XGD1)  (1 of 7)",3,3,0.666666666666667,0.815779527559055,0.036844094488189,0.0957946456692913
"Gmax_Wm82.a2.v1_As_13_27866368","OG0000880","As","Glyma.13G161200","Gmax_Wm82.a2.v1",13,27866368,27666368,28126371,27686865,27690702,"",3,3,0.666666666666667,0.815779527559055,0.036844094488189,0.0957946456692913
"Gmax_Wm82.a2.v1_As_13_27866368","OG0000880","As","Glyma.13G161400","Gmax_Wm82.a2.v1",13,27866368,27666368,28126371,27698462,27701365,"",3,3,0.666666666666667,0.815779527559055,0.036844094488189,0.0957946456692913
"Gmax_Wm82.a2.v1_As_1_921362","OG0000657","As","Glyma.01G007800","Gmax_Wm82.a2.v1",1,921362,721362,1179924,763291,771911,"PTHR10629:SF28 - DNA (CYTOSINE-5)-METHYLTRANSFERASE CMT3 (1 of 1)",3,3,0.666666666666667,0.815779527559055,0.036844094488189,0.0957946456692913
"Gmax_Wm82.a2.v1_As_1_921362","OG0006261","As","Glyma.01G009300","Gmax_Wm82.a2.v1",1,921362,721362,1179924,908484,917161,"PTHR13872:SF1 - DOLICHYL-DIPHOSPHOOLIGOSACCHARIDE--PROTEIN GLYCOSYLTRANSFERASE SUBUNIT STT3B (1 of 2)",3,3,0.666666666666667,0.815779527559055,0.036844094488189,0.0957946456692913
"Gmax_Wm82.a2.v1_As_1_921362","OG0006622","As","Glyma.01G010000","Gmax_Wm82.a2.v1",1,921362,721362,1179924,973266,978674,"PTHR24096:SF253 - 4-COUMARATE--COA LIGASE-LIKE 6 (1 of 2)",3,3,0.666666666666667,0.815779527559055,0.036844094488189,0.0957946456692913
"Gmax_Wm82.a2.v1_As_4_989803","OG0000058","As","Glyma.04G013300","Gmax_Wm82.a2.v1",4,989803,789803,1211611,1011233,1014696,"",3,3,0.666666666666667,0.815779527559055,0.036844094488189,0.0957946456692913
"Gmax_Wm82.a2.v1_As_4_989803","OG0000566","As","Glyma.04G014600","Gmax_Wm82.a2.v1",4,989803,789803,1211611,1119108,1123175,"",3,3,0.666666666666667,0.815779527559055,0.036844094488189,0.0957946456692913
"Gmax_Wm82.a2.v1_As_4_989803","OG0000813","As","Glyma.04G011900","Gmax_Wm82.a2.v1",4,989803,789803,1211611,894728,899258,"",3,3,0.666666666666667,0.815779527559055,0.036844094488189,0.0957946456692913
"Gmax_Wm82.a2.v1_As_6_4651121","OG0000733","As","Glyma.06G062600","Gmax_Wm82.a2.v1",6,4651121,4451121,5035287,4730725,4738340,"",3,3,0.666666666666667,0.815779527559055,0.036844094488189,0.0957946456692913
"Gmax_Wm82.a2.v1_As_6_4651121","OG0000733","As","Glyma.06G062700","Gmax_Wm82.a2.v1",6,4651121,4451121,5035287,4741673,4749282,"",3,3,0.666666666666667,0.815779527559055,0.036844094488189,0.0957946456692913
"Gmax_Wm82.a2.v1_As_6_4651121","OG0000733","As","Glyma.06G062800","Gmax_Wm82.a2.v1",6,4651121,4451121,5035287,4751189,4759564,"PTHR12663:SF3 - ASPARTYL BETA-HYDROXYLASE N-TERMINAL REGION DOMAIN-CONTAINING PROTEIN-RELATED (1 of 5)",3,3,0.666666666666667,0.815779527559055,0.036844094488189,0.0957946456692913
"Gmax_Wm82.a2.v1_As_7_7409086","OG0000058","As","Glyma.07G085600","Gmax_Wm82.a2.v1",7,7409086,7209086,10614563,7891876,7896291,"PTHR27001:SF89 - PROLINE-RICH RECEPTOR-LIKE PROTEIN KINASE PERK1-RELATED (1 of 4)",3,3,0.666666666666667,0.815779527559055,0.036844094488189,0.0957946456692913
"Gmax_Wm82.a2.v1_As_7_7409086","OG0000308","As","Glyma.07G096700","Gmax_Wm82.a2.v1",7,7409086,7209086,10614563,9066581,9067553,"PF14368 - Probable lipid transfer (LTP_2)  (1 of 113)",3,3,0.666666666666667,0.815779527559055,0.036844094488189,0.0957946456692913
"Gmax_Wm82.a2.v1_As_7_7409086","OG0000415","As","Glyma.07G101100","Gmax_Wm82.a2.v1",7,7409086,7209086,10614563,9597834,9598744,"PTHR10891//PTHR10891:SF608 - EF-HAND CALCIUM-BINDING DOMAIN CONTAINING PROTEIN // SUBFAMILY NOT NAMED (1 of 7)",3,3,0.666666666666667,0.815779527559055,0.036844094488189,0.0957946456692913
"Gmax_Wm82.a2.v1_As_17_12948012","OG0000566","As","Glyma.17G155200","Gmax_Wm82.a2.v1",17,12948012,12748012,13227432,13112585,13118577,"",3,4,0.75,0.815779527559055,0.0276330708661417,0.0939524409448819
"Gmax_Wm82.a2.v1_As_17_12948012","OG0004875","As","Glyma.17G154300","Gmax_Wm82.a2.v1",17,12948012,12748012,13227432,12986575,12990804,"PTHR31086:SF2 - ALUMINUM-ACTIVATED MALATE TRANSPORTER 12-RELATED (1 of 10)",3,4,0.75,0.815779527559055,0.0276330708661417,0.0939524409448819
"Gmax_Wm82.a2.v1_As_17_12948012","OG0005319","As","Glyma.17G154100","Gmax_Wm82.a2.v1",17,12948012,12748012,13227432,12962459,12965411,"PTHR31989:SF51 - F5D14.30 PROTEIN-RELATED (1 of 2)",3,4,0.75,0.815779527559055,0.0276330708661417,0.0939524409448819
"Gmax_Wm82.a2.v1_As_17_12948012","OG0009080","As","Glyma.17G153400","Gmax_Wm82.a2.v1",17,12948012,12748012,13227432,12874040,12880103,"K14500 - BR-signaling kinase (BSK)  (1 of 8)",3,4,0.75,0.815779527559055,0.0276330708661417,0.0939524409448819
"Athaliana_TAIR10_As_1_18637732","OG0000248","As","AT1G50310","Athaliana_TAIR10",1,18637732,18562732,18712732,18635984,18638110,"sugar transporter 9",3,2,0.5,0.827689189189189,0.0516932432432432,0.0930478378378378
"Athaliana_TAIR10_As_1_18637732","OG0004835","As","AT1G50390","Athaliana_TAIR10",1,18637732,18562732,18712732,18666986,18667677,"pfkB-like carbohydrate kinase family protein",3,2,0.5,0.827689189189189,0.0516932432432432,0.0930478378378378
"Athaliana_TAIR10_As_1_23699843","OG0002810","As","AT1G63720","Athaliana_TAIR10",1,23699843,23624843,23774843,23635856,23637529,"",3,2,0.5,0.827689189189189,0.0516932432432432,0.0930478378378378
"Athaliana_TAIR10_As_1_23699843","OG0010005","As","AT1G63900","Athaliana_TAIR10",1,23699843,23624843,23774843,23716643,23719337,"E3 Ubiquitin ligase family protein",3,2,0.5,0.827689189189189,0.0516932432432432,0.0930478378378378
"Athaliana_TAIR10_As_1_9574048","OG0000629","As","AT1G27450","Athaliana_TAIR10",1,9574048,9499048,9649048,9531839,9534114,"adenine phosphoribosyl transferase 1",3,2,0.5,0.827689189189189,0.0516932432432432,0.0930478378378378
"Athaliana_TAIR10_As_1_9574048","OG0000813","As","AT1G27680","Athaliana_TAIR10",1,9574048,9499048,9649048,9631285,9634597,"ADPGLC-PPase large subunit",3,2,0.5,0.827689189189189,0.0516932432432432,0.0930478378378378
"Athaliana_TAIR10_As_2_11087322","OG0005899","As","AT2G25920","Athaliana_TAIR10",2,11087322,11012322,11162322,11054291,11056042,"",3,2,0.5,0.827689189189189,0.0516932432432432,0.0930478378378378
"Athaliana_TAIR10_As_2_11087322","OG0010939","As","AT2G25830","Athaliana_TAIR10",2,11087322,11012322,11162322,11018716,11021699,"YebC-related",3,2,0.5,0.827689189189189,0.0516932432432432,0.0930478378378378
"Athaliana_TAIR10_As_3_14334516","OG0000101","As","AT3G42170","Athaliana_TAIR10",3,14334516,14259516,14409643,14320952,14324069,"BED zinc finger ;hAT family dimerisation domain",3,2,0.5,0.827689189189189,0.0516932432432432,0.0930478378378378
"Athaliana_TAIR10_As_3_14334516","OG0000880","As","AT3G42180","Athaliana_TAIR10",3,14334516,14259516,14409643,14324274,14328676,"Exostosin family protein",3,2,0.5,0.827689189189189,0.0516932432432432,0.0930478378378378
"Athaliana_TAIR10_As_3_840795","OG0000323","As","AT3G03480","Athaliana_TAIR10",3,840795,765795,915795,828296,829896,"acetyl CoA:(Z)-3-hexen-1-ol acetyltransferase",3,2,0.5,0.827689189189189,0.0516932432432432,0.0930478378378378
"Athaliana_TAIR10_As_3_840795","OG0007819","As","AT3G03460","Athaliana_TAIR10",3,840795,765795,915795,822937,824546,"PTHR15572 - GLIOMA TUMOR SUPPRESSOR CANDIDATE REGION GENE 1 (1 of 2)",3,2,0.5,0.827689189189189,0.0516932432432432,0.0930478378378378
"Athaliana_TAIR10_As_4_10381601","OG0000657","As","AT4G19020","Athaliana_TAIR10",4,10381601,10306601,10456601,10414526,10421209,"chromomethylase 2",3,2,0.5,0.827689189189189,0.0516932432432432,0.0930478378378378
"Athaliana_TAIR10_As_4_10381601","OG0006622","As","AT4G19010","Athaliana_TAIR10",4,10381601,10306601,10456601,10411490,10414249,"AMP-dependent synthetase and ligase family protein",3,2,0.5,0.827689189189189,0.0516932432432432,0.0930478378378378
"Gmax_Wm82.a2.v1_As_15_9277790","OG0000009","As","Glyma.15G125400","Gmax_Wm82.a2.v1",15,9277790,9077790,10402621,9948110,9950838,"",3,5,0.8,0.815779527559055,0.0221064566929134,0.0928471181102362
"Gmax_Wm82.a2.v1_As_15_9277790","OG0000009","As","Glyma.15G125500","Gmax_Wm82.a2.v1",15,9277790,9077790,10402621,9952666,9956867,"",3,5,0.8,0.815779527559055,0.0221064566929134,0.0928471181102362
"Gmax_Wm82.a2.v1_As_15_9277790","OG0000042","As","Glyma.15G119100","Gmax_Wm82.a2.v1",15,9277790,9077790,10402621,9340682,9341420,"PTHR31731:SF7 - BIFUNCTIONAL INHIBITOR/LIPID-TRANSFER PROTEIN/SEED STORAGE 2S ALBUMIN SUPERFAMILY PROTEIN (1 of 8)",3,5,0.8,0.815779527559055,0.0221064566929134,0.0928471181102362
"Gmax_Wm82.a2.v1_As_15_9277790","OG0000365","As","Glyma.15G126200","Gmax_Wm82.a2.v1",15,9277790,9077790,10402621,9993331,9998476,"PTHR21136//PTHR21136:SF92 - SNARE PROTEINS // SUBFAMILY NOT NAMED (1 of 3)",3,5,0.8,0.815779527559055,0.0221064566929134,0.0928471181102362
"Gmax_Wm82.a2.v1_As_15_9277790","OG0002194","As","Glyma.15G123000","Gmax_Wm82.a2.v1",15,9277790,9077790,10402621,9776735,9780193,"",3,5,0.8,0.815779527559055,0.0221064566929134,0.0928471181102362
"Gmax_Wm82.a2.v1_As_17_8464870","OG0000880","As","Glyma.17G109900","Gmax_Wm82.a2.v1",17,8464870,8264870,8743383,8623309,8623943,"",3,6,0.833333333333333,0.815779527559055,0.0184220472440945,0.0921102362204724
"Gmax_Wm82.a2.v1_As_17_8464870","OG0000880","As","Glyma.17G110000","Gmax_Wm82.a2.v1",17,8464870,8264870,8743383,8624126,8625876,"PTHR11062:SF61 - XYLOGALACTURONAN BETA-1,3-XYLOSYLTRANSFERASE (1 of 9)",3,6,0.833333333333333,0.815779527559055,0.0184220472440945,0.0921102362204724
"Gmax_Wm82.a2.v1_As_17_8464870","OG0000880","As","Glyma.17G110100","Gmax_Wm82.a2.v1",17,8464870,8264870,8743383,8627354,8630432,"",3,6,0.833333333333333,0.815779527559055,0.0184220472440945,0.0921102362204724
"Gmax_Wm82.a2.v1_As_17_8464870","OG0000880","As","Glyma.17G110200","Gmax_Wm82.a2.v1",17,8464870,8264870,8743383,8632445,8635455,"K18789 - xylogalacturonan beta-1,3-xylosyltransferase (XGD1)  (1 of 7)",3,6,0.833333333333333,0.815779527559055,0.0184220472440945,0.0921102362204724
"Gmax_Wm82.a2.v1_As_17_8464870","OG0000880","As","Glyma.17G110300","Gmax_Wm82.a2.v1",17,8464870,8264870,8743383,8640467,8644360,"K18789 - xylogalacturonan beta-1,3-xylosyltransferase (XGD1)  (1 of 7)",3,6,0.833333333333333,0.815779527559055,0.0184220472440945,0.0921102362204724
"Gmax_Wm82.a2.v1_As_17_8464870","OG0000880","As","Glyma.17G110400","Gmax_Wm82.a2.v1",17,8464870,8264870,8743383,8654237,8654861,"PTHR11062:SF61 - XYLOGALACTURONAN BETA-1,3-XYLOSYLTRANSFERASE (1 of 9)",3,6,0.833333333333333,0.815779527559055,0.0184220472440945,0.0921102362204724
"Gmax_Wm82.a2.v1_As_1_52644641","OG0000261","As","Glyma.01G197500","Gmax_Wm82.a2.v1",1,52644641,52444641,53828534,53144122,53146677,"PTHR11588:SF101 - TUBULIN ALPHA-2 CHAIN-RELATED (1 of 8)",3,7,0.857142857142857,0.815779527559055,0.0157903262092238,0.0915838920134983
"Gmax_Wm82.a2.v1_As_1_52644641","OG0000566","As","Glyma.01G198900","Gmax_Wm82.a2.v1",1,52644641,52444641,53828534,53282978,53287009,"PTHR31500:SF17 - AT HOOK MOTIF DNA-BINDING FAMILY PROTEIN (1 of 4)",3,7,0.857142857142857,0.815779527559055,0.0157903262092238,0.0915838920134983
"Gmax_Wm82.a2.v1_As_1_52644641","OG0000722","As","Glyma.01G195700","Gmax_Wm82.a2.v1",1,52644641,52444641,53828534,52971833,52972524,"PTHR33285:SF1 - GROWTH FACTOR PROTEIN-RELATED (1 of 7)",3,7,0.857142857142857,0.815779527559055,0.0157903262092238,0.0915838920134983
"Gmax_Wm82.a2.v1_As_1_52644641","OG0001116","As","Glyma.01G195900","Gmax_Wm82.a2.v1",1,52644641,52444641,53828534,52990265,52994010,"",3,7,0.857142857142857,0.815779527559055,0.0157903262092238,0.0915838920134983
"Gmax_Wm82.a2.v1_As_1_52644641","OG0002327","As","Glyma.01G196600","Gmax_Wm82.a2.v1",1,52644641,52444641,53828534,53086666,53088568,"PTHR24326:SF252 - HOMEOBOX-LEUCINE ZIPPER PROTEIN HAT9 (1 of 4)",3,7,0.857142857142857,0.815779527559055,0.0157903262092238,0.0915838920134983
"Gmax_Wm82.a2.v1_As_1_52644641","OG0004875","As","Glyma.01G199400","Gmax_Wm82.a2.v1",1,52644641,52444641,53828534,53321811,53325628,"PTHR31086:SF2 - ALUMINUM-ACTIVATED MALATE TRANSPORTER 12-RELATED (1 of 10)",3,7,0.857142857142857,0.815779527559055,0.0157903262092238,0.0915838920134983
"Gmax_Wm82.a2.v1_As_1_52644641","OG0006598","As","Glyma.01G194900","Gmax_Wm82.a2.v1",1,52644641,52444641,53828534,52912375,52915664,"PTHR20855:SF52 - ADIPONECTIN RECEPTOR PROTEIN (1 of 4)",3,7,0.857142857142857,0.815779527559055,0.0157903262092238,0.0915838920134983
"Athaliana_TAIR10_As_1_24110829","OG0000261","As","AT1G64740","Athaliana_TAIR10",1,24110829,24035829,24185829,24050006,24052487,"alpha-1 tubulin",3,3,0.666666666666667,0.827689189189189,0.0344621621621621,0.0896016216216216
"Athaliana_TAIR10_As_1_24110829","OG0006772","As","AT1G64790","Athaliana_TAIR10",1,24110829,24035829,24185829,24064937,24083428,"ILITYHIA",3,3,0.666666666666667,0.827689189189189,0.0344621621621621,0.0896016216216216
"Athaliana_TAIR10_As_1_24110829","OG0007625","As","AT1G65020","Athaliana_TAIR10",1,24110829,24035829,24185829,24154344,24156605,"PF08378 - Nuclease-related domain (NERD)  (1 of 1)",3,3,0.666666666666667,0.827689189189189,0.0344621621621621,0.0896016216216216
"Athaliana_TAIR10_As_2_11513435","OG0000009","As","AT2G27110","Athaliana_TAIR10",2,11513435,11438435,11588435,11576669,11580794,"FAR1-related sequence 3",3,3,0.666666666666667,0.827689189189189,0.0344621621621621,0.0896016216216216
"Athaliana_TAIR10_As_2_11513435","OG0000379","As","AT2G26980","Athaliana_TAIR10",2,11513435,11438435,11588435,11514703,11518734,"CBL-interacting protein kinase 3",3,3,0.666666666666667,0.827689189189189,0.0344621621621621,0.0896016216216216
"Athaliana_TAIR10_As_2_11513435","OG0009422","As","AT2G26890","Athaliana_TAIR10",2,11513435,11438435,11588435,11462067,11474325,"DNAJ heat shock N-terminal domain-containing protein",3,3,0.666666666666667,0.827689189189189,0.0344621621621621,0.0896016216216216
"Athaliana_TAIR10_As_3_17324153","OG0000035","As","AT3G47090","Athaliana_TAIR10",3,17324153,17249153,17399187,17341512,17344645,"Leucine-rich repeat protein kinase family protein",3,3,0.666666666666667,0.827689189189189,0.0344621621621621,0.0896016216216216
"Athaliana_TAIR10_As_3_17324153","OG0000035","As","AT3G47110","Athaliana_TAIR10",3,17324153,17249153,17399187,17347103,17350296,"Leucine-rich repeat protein kinase family protein",3,3,0.666666666666667,0.827689189189189,0.0344621621621621,0.0896016216216216
"Athaliana_TAIR10_As_3_17324153","OG0005575","As","AT3G47070","Athaliana_TAIR10",3,17324153,17249153,17399187,17337065,17337733,"PF11493 - Thylakoid soluble phosphoprotein TSP9 (TSP9)  (1 of 1)",3,3,0.666666666666667,0.827689189189189,0.0344621621621621,0.0896016216216216
"Athaliana_TAIR10_As_3_3050683","OG0005545","As","AT3G10080","Athaliana_TAIR10",3,3050683,2975683,3125683,3107275,3108177,"RmlC-like cupins superfamily protein",3,3,0.666666666666667,0.827689189189189,0.0344621621621621,0.0896016216216216
"Athaliana_TAIR10_As_3_3050683","OG0007737","As","AT3G09720","Athaliana_TAIR10",3,3050683,2975683,3125683,2980221,2983618,"P-loop containing nucleoside triphosphate hydrolases superfamily protein",3,3,0.666666666666667,0.827689189189189,0.0344621621621621,0.0896016216216216
"Athaliana_TAIR10_As_3_3050683","OG0008993","As","AT3G09860","Athaliana_TAIR10",3,3050683,2975683,3125683,3026055,3027234,"",3,3,0.666666666666667,0.827689189189189,0.0344621621621621,0.0896016216216216
"Athaliana_TAIR10_As_5_6711820","OG0000261","As","AT5G19770","Athaliana_TAIR10",5,6711820,6636820,6792310,6682493,6684579,"tubulin alpha-3",3,3,0.666666666666667,0.827689189189189,0.0344621621621621,0.0896016216216216
"Athaliana_TAIR10_As_5_6711820","OG0000261","As","AT5G19780","Athaliana_TAIR10",5,6711820,6636820,6792310,6687074,6689171,"tubulin alpha-5",3,3,0.666666666666667,0.827689189189189,0.0344621621621621,0.0896016216216216
"Athaliana_TAIR10_As_5_6711820","OG0006261","As","AT5G19690","Athaliana_TAIR10",5,6711820,6636820,6792310,6652516,6658411,"staurosporin and temperature sensitive 3-like A",3,3,0.666666666666667,0.827689189189189,0.0344621621621621,0.0896016216216216
"Athaliana_TAIR10_As_1_27868554","OG0000628","As","AT1G74230","Athaliana_TAIR10",1,27868554,27793554,27990176,27914699,27917083,"glycine-rich RNA-binding protein 5",3,4,0.75,0.827689189189189,0.0258466216216216,0.0878785135135135
"Athaliana_TAIR10_As_1_27868554","OG0001178","As","AT1G74280","Athaliana_TAIR10",1,27868554,27793554,27990176,27929662,27931364,"alpha/beta-Hydrolases superfamily protein",3,4,0.75,0.827689189189189,0.0258466216216216,0.0878785135135135
"Athaliana_TAIR10_As_1_27868554","OG0001178","As","AT1G74290","Athaliana_TAIR10",1,27868554,27793554,27990176,27931836,27934268,"alpha/beta-Hydrolases superfamily protein",3,4,0.75,0.827689189189189,0.0258466216216216,0.0878785135135135
"Athaliana_TAIR10_As_1_27868554","OG0001178","As","AT1G74300","Athaliana_TAIR10",1,27868554,27793554,27990176,27935298,27936608,"alpha/beta-Hydrolases superfamily protein",3,4,0.75,0.827689189189189,0.0258466216216216,0.0878785135135135
"Athaliana_TAIR10_As_2_14052289","OG0000365","As","AT2G33110","Athaliana_TAIR10",2,14052289,13977289,14135279,14041038,14043358,"vesicle-associated membrane protein 723",3,4,0.75,0.827689189189189,0.0258466216216216,0.0878785135135135
"Athaliana_TAIR10_As_2_14052289","OG0000365","As","AT2G33120","Athaliana_TAIR10",2,14052289,13977289,14135279,14043459,14045544,"synaptobrevin-related protein 1",3,4,0.75,0.827689189189189,0.0258466216216216,0.0878785135135135
"Athaliana_TAIR10_As_2_14052289","OG0000457","As","AT2G33100","Athaliana_TAIR10",2,14052289,13977289,14135279,14036319,14040044,"cellulose synthase-like D1",3,4,0.75,0.827689189189189,0.0258466216216216,0.0878785135135135
"Athaliana_TAIR10_As_2_14052289","OG0007346","As","AT2G33220","Athaliana_TAIR10",2,14052289,13977289,14135279,14078851,14080157,"GRIM-19 protein",3,4,0.75,0.827689189189189,0.0258466216216216,0.0878785135135135
"Athaliana_TAIR10_As_4_9925936","OG0000566","As","AT4G17950","Athaliana_TAIR10",4,9925936,9850936,10000936,9966990,9969232,"AT hook motif DNA-binding family protein",3,4,0.75,0.827689189189189,0.0258466216216216,0.0878785135135135
"Athaliana_TAIR10_As_4_9925936","OG0000925","As","AT4G17900","Athaliana_TAIR10",4,9925936,9850936,10000936,9945870,9948078,"PLATZ transcription factor family protein",3,4,0.75,0.827689189189189,0.0258466216216216,0.0878785135135135
"Athaliana_TAIR10_As_4_9925936","OG0004875","As","AT4G17970","Athaliana_TAIR10",4,9925936,9850936,10000936,9975408,9977722,"aluminum-activated, malate transporter 12",3,4,0.75,0.827689189189189,0.0258466216216216,0.0878785135135135
"Athaliana_TAIR10_As_4_9925936","OG0005319","As","AT4G17980","Athaliana_TAIR10",4,9925936,9850936,10000936,9978850,9980038,"NAC domain containing protein 71",3,4,0.75,0.827689189189189,0.0258466216216216,0.0878785135135135
"Athaliana_TAIR10_As_4_17691972","OG0000722","As","AT4G37720","Athaliana_TAIR10",4,17691972,17616972,17779760,17718961,17719318,"phytosulfokine 6 precursor",3,5,0.8,0.827689189189189,0.0206772972972973,0.0868446486486486
"Athaliana_TAIR10_As_4_17691972","OG0001116","As","AT4G37750","Athaliana_TAIR10",4,17691972,17616972,17779760,17739514,17742401,"Integrase-type DNA-binding superfamily protein",3,5,0.8,0.827689189189189,0.0206772972972973,0.0868446486486486
"Athaliana_TAIR10_As_4_17691972","OG0001187","As","AT4G37760","Athaliana_TAIR10",4,17691972,17616972,17779760,17743887,17746678,"squalene epoxidase 3",3,5,0.8,0.827689189189189,0.0206772972972973,0.0868446486486486
"Athaliana_TAIR10_As_4_17691972","OG0002327","As","AT4G37790","Athaliana_TAIR10",4,17691972,17616972,17779760,17768042,17769606,"Homeobox-leucine zipper protein family",3,5,0.8,0.827689189189189,0.0206772972972973,0.0868446486486486
"Athaliana_TAIR10_As_4_17691972","OG0006598","As","AT4G37680","Athaliana_TAIR10",4,17691972,17616972,17779760,17700634,17702952,"heptahelical protein 4",3,5,0.8,0.827689189189189,0.0206772972972973,0.0868446486486486
"Athaliana_TAIR10_As_5_18808885","OG0000566","As","AT5G46640","Athaliana_TAIR10",5,18808885,18733885,18949989,18924477,18926575,"AT hook motif DNA-binding family protein",3,5,0.8,0.827689189189189,0.0206772972972973,0.0868446486486486
"Athaliana_TAIR10_As_5_18808885","OG0004875","As","AT5G46600","Athaliana_TAIR10",5,18808885,18733885,18949989,18907671,18910838,"Aluminium activated malate transporter family protein",3,5,0.8,0.827689189189189,0.0206772972972973,0.0868446486486486
"Athaliana_TAIR10_As_5_18808885","OG0004875","As","AT5G46610","Athaliana_TAIR10",5,18808885,18733885,18949989,18912667,18915779,"Aluminium activated malate transporter family protein",3,5,0.8,0.827689189189189,0.0206772972972973,0.0868446486486486
"Athaliana_TAIR10_As_5_18808885","OG0005319","As","AT5G46590","Athaliana_TAIR10",5,18808885,18733885,18949989,18905325,18906848,"NAC domain containing protein 96",3,5,0.8,0.827689189189189,0.0206772972972973,0.0868446486486486
"Athaliana_TAIR10_As_5_18808885","OG0009080","As","AT5G46570","Athaliana_TAIR10",5,18808885,18733885,18949989,18894402,18897406,"BR-signaling kinase 2",3,5,0.8,0.827689189189189,0.0206772972972973,0.0868446486486486
"Athaliana_TAIR10_As_5_7660167","OG0000061","As","AT5G22880","Athaliana_TAIR10",5,7660167,7585167,7859002,7651957,7652622,"histone B2",3,5,0.8,0.827689189189189,0.0206772972972973,0.0868446486486486
"Athaliana_TAIR10_As_5_7660167","OG0000248","As","AT5G23270","Athaliana_TAIR10",5,7660167,7585167,7859002,7838906,7841026,"sugar transporter 11",3,5,0.8,0.827689189189189,0.0206772972972973,0.0868446486486486
"Athaliana_TAIR10_As_5_7660167","OG0002453","As","AT5G23130","Athaliana_TAIR10",5,7660167,7585167,7859002,7781196,7783601,"Peptidoglycan-binding LysM domain-containing protein",3,5,0.8,0.827689189189189,0.0206772972972973,0.0868446486486486
"Athaliana_TAIR10_As_5_7660167","OG0007925","As","AT5G22770","Athaliana_TAIR10",5,7660167,7585167,7859002,7579263,7588249,"alpha-adaptin",3,5,0.8,0.827689189189189,0.0206772972972973,0.0868446486486486
"Athaliana_TAIR10_As_5_7660167","OG0007925","As","AT5G22780","Athaliana_TAIR10",5,7660167,7585167,7859002,7589854,7598049,"Adaptor protein complex AP-2, alpha subunit",3,5,0.8,0.827689189189189,0.0206772972972973,0.0868446486486486
"Zmays_RefGen_V4_As_6_164738616.142857","OG0000720","As","Zm00001d038801","Zmays_RefGen_V4",6,164738616.142857,164638587,164838644,164734361,164736397,"(1 of 1) PTHR10071:SF202 - GATA TRANSCRIPTION FACTOR 12",3,3,0.666666666666667,1.02407142857143,-0.0048142857142857,-0.0125171428571428
"Zmays_RefGen_V4_As_6_164738616.142857","OG0006261","As","Zm00001d038804","Zmays_RefGen_V4",6,164738616.142857,164638587,164838644,164792289,164799307,"(1 of 12) 2.4.99.18 - Dolichyl-diphosphooligosaccharide--protein glycotransferase",3,3,0.666666666666667,1.02407142857143,-0.0048142857142857,-0.0125171428571428
"Zmays_RefGen_V4_As_6_164738616.142857","OG0010939","As","Zm00001d038805","Zmays_RefGen_V4",6,164738616.142857,164638587,164838644,164801102,164807892,"(1 of 1) PTHR12532:SF0 - TRANSCRIPTIONAL REGULATORY PROTEIN HAH1-RELATED",3,3,0.666666666666667,1.02407142857143,-0.0048142857142857,-0.0125171428571428
"Zmays_RefGen_V4_As_10_150599923.434783","OG0005897","As","Zm00001d026706","Zmays_RefGen_V4",10,150599923.434783,150292362,150864786,150556801,150562630,"(1 of 21) 3.6.5.2 - Small monomeric GTPase",3,1,0,1.02407142857143,-0.0144428571428571,-0.0144428571428571
"Zmays_RefGen_V4_As_1_23035089","OG0003895","As","Zm00001d028110","Zmays_RefGen_V4",1,23035089,22935089,23135089,23114397,23116894,"",3,1,0,1.02407142857143,-0.0144428571428571,-0.0144428571428571
"Zmays_RefGen_V4_As_1_25772829","OG0007346","As","Zm00001d028181","Zmays_RefGen_V4",1,25772829,25672829,25872829,25715085,25717227,"(1 of 2) K11353 - NADH dehydrogenase (ubiquinone) 1 alpha subcomplex subunit 13 (NDUFA13)",3,1,0,1.02407142857143,-0.0144428571428571,-0.0144428571428571
"Zmays_RefGen_V4_As_1_5701054","OG0000379","As","Zm00001d027455","Zmays_RefGen_V4",1,5701054,5601054,5801054,5610415,5614949,"(1 of 1497) 2.7.11.1 - Non-specific serine/threonine protein kinase / Threonine-specific protein kinase",3,1,0,1.02407142857143,-0.0144428571428571,-0.0144428571428571
"Zmays_RefGen_V4_As_4_173493727","OG0002810","As","Zm00001d051884","Zmays_RefGen_V4",4,173493727,173393727,173593727,173453369,173458108,"",3,1,0,1.02407142857143,-0.0144428571428571,-0.0144428571428571
"Zmays_RefGen_V4_As_5_3493295.5","OG0008993","As","Zm00001d013031","Zmays_RefGen_V4",5,3493295.5,3393293,3593298,3486306,3487932,"",3,1,0,1.02407142857143,-0.0144428571428571,-0.0144428571428571
"Zmays_RefGen_V4_As_7_162746412","OG0000248","As","Zm00001d021775","Zmays_RefGen_V4",7,162746412,162646412,162846412,162845891,162848484,"(1 of 65) KOG0254 - Predicted transporter (major facilitator superfamily)",3,1,0,1.02407142857143,-0.0144428571428571,-0.0144428571428571
"Zmays_RefGen_V4_As_7_169114566","OG0000628","As","Zm00001d022065","Zmays_RefGen_V4",7,169114566,169014566,169214566,169202866,169205554,"(1 of 14) K12741 - heterogeneous nuclear ribonucleoprotein A1/A3 (HNRNPA1_3)",3,1,0,1.02407142857143,-0.0144428571428571,-0.0144428571428571
"Zmays_RefGen_V4_As_8_169618546","OG0004835","As","Zm00001d012173","Zmays_RefGen_V4",8,169618546,169518546,169718546,169516096,169525048,"(1 of 9) 2.7.1.4 - Fructokinase / D-fructokinase",3,1,0,1.02407142857143,-0.0144428571428571,-0.0144428571428571
"Zmays_RefGen_V4_As_8_81134800","OG0005899","As","Zm00001d009787","Zmays_RefGen_V4",8,81134800,81034800,81234800,81148760,81151947,"",3,1,0,1.02407142857143,-0.0144428571428571,-0.0144428571428571
"Zmays_RefGen_V4_As_9_149270968","OG0000261","As","Zm00001d048065","Zmays_RefGen_V4",9,149270968,149170968,149370968,149248149,149254231,"(1 of 1) PTHR11588//PTHR11588:SF137//PTHR11588:SF48 - TUBULIN // SUBFAMILY NOT NAMED // TUBULIN ALPHA-1 CHAIN-RELATED",3,1,0,1.02407142857143,-0.0144428571428571,-0.0144428571428571
